Date,portfolio_return,portfolio_value
2020-01-02,0.0,10000.0
2020-01-03,0.0,10000.0
2020-01-06,0.0,10000.0
2020-01-07,0.0,10000.0
2020-01-08,0.0,10000.0
2020-01-09,0.0,10000.0
2020-01-10,0.0,10000.0
2020-01-13,0.0,10000.0
2020-01-14,0.0,10000.0
2020-01-15,0.0,10000.0
2020-01-16,0.0,10000.0
2020-01-17,0.0,10000.0
2020-01-21,0.0,10000.0
2020-01-22,0.0,10000.0
2020-01-23,0.0,10000.0
2020-01-24,0.0,10000.0
2020-01-27,0.0,10000.0
2020-01-28,0.0,10000.0
2020-01-29,0.0,10000.0
2020-01-30,0.0,10000.0
2020-01-31,0.0,10000.0
2020-02-03,0.0,10000.0
2020-02-04,0.0,10000.0
2020-02-05,0.0,10000.0
2020-02-06,0.0,10000.0
2020-02-07,0.0,10000.0
2020-02-10,0.0,10000.0
2020-02-11,0.0,10000.0
2020-02-12,0.0,10000.0
2020-02-13,0.0,10000.0
2020-02-14,0.0,10000.0
2020-02-18,0.0,10000.0
2020-02-19,0.0,10000.0
2020-02-20,0.0,10000.0
2020-02-21,0.0,10000.0
2020-02-24,0.0,10000.0
2020-02-25,0.0,10000.0
2020-02-26,0.0,10000.0
2020-02-27,0.0,10000.0
2020-02-28,0.0,10000.0
2020-03-02,0.0,10000.0
2020-03-03,0.0,10000.0
2020-03-04,0.0,10000.0
2020-03-05,0.0,10000.0
2020-03-06,0.0,10000.0
2020-03-09,0.0,10000.0
2020-03-10,0.0,10000.0
2020-03-11,0.0,10000.0
2020-03-12,0.0,10000.0
2020-03-13,0.0,10000.0
2020-03-16,0.0,10000.0
2020-03-17,0.0,10000.0
2020-03-18,0.0,10000.0
2020-03-19,0.0,10000.0
2020-03-20,0.0,10000.0
2020-03-23,0.0,10000.0
2020-03-24,0.0,10000.0
2020-03-25,0.0,10000.0
2020-03-26,0.0,10000.0
2020-03-27,0.0,10000.0
2020-03-30,0.0,10000.0
2020-03-31,0.0,10000.0
2020-04-01,0.0,10000.0
2020-04-02,0.0,10000.0
2020-04-03,0.0,10000.0
2020-04-06,0.0,10000.0
2020-04-07,0.0,10000.0
2020-04-08,0.0,10000.0
2020-04-09,0.0,10000.0
2020-04-13,0.0,10000.0
2020-04-14,0.0,10000.0
2020-04-15,0.0,10000.0
2020-04-16,0.0,10000.0
2020-04-17,0.0,10000.0
2020-04-20,0.0,10000.0
2020-04-21,0.0,10000.0
2020-04-22,0.0,10000.0
2020-04-23,0.0,10000.0
2020-04-24,0.0,10000.0
2020-04-27,0.0,10000.0
2020-04-28,0.0,10000.0
2020-04-29,0.0,10000.0
2020-04-30,0.0,10000.0
2020-05-01,0.0,10000.0
2020-05-04,0.019202670545291067,10192.02670545291
2020-05-05,0.01000852323550734,10294.033841551347
2020-05-06,0.0029121088397469313,10324.011188497983
2020-05-07,0.008790897819403022,10414.768515942444
2020-05-08,0.01893464423096443,10611.968452539662
2020-05-11,0.008583985774600855,10703.061438776775
2020-05-12,-0.016057479923510642,10531.197244603516
2020-05-13,-0.010913342888422729,10416.266678047545
2020-05-14,0.010335809087281536,10523.927221834057
2020-05-15,0.014784980317548971,10679.523278672192
2020-05-18,0.014803854391663563,10837.621386262035
2020-05-19,-0.006621599206119044,10765.859001094545
2020-05-20,0.01656946062599992,10944.243477918248
2020-05-21,-0.005237626769891856,10886.92161530209
2020-05-22,0.004212297321348179,10932.780566059953
2020-05-26,-0.006229931531376488,10864.670091685837
2020-05-27,0.000558685091772604,10870.74002089309
2020-05-28,-0.0020797540608150982,10848.131555190572
2020-05-29,0.014207537730782684,11002.256793569435
2020-06-01,0.011694816094266125,11130.926163392118
2020-06-02,0.002993479747222772,11164.246365430066
2020-06-03,0.006054746269651723,11231.843044464627
2020-06-04,-0.009819352118817248,11121.553622667741
2020-06-05,0.02518010354484977,11401.595494466115
2020-06-08,0.011180316372670899,11529.068939247465
2020-06-09,0.009671459427502662,11640.571861730277
2020-06-10,0.01782879040183249,11848.109177610535
2020-06-11,-0.05534245103879279,11192.405775546353
2020-06-12,0.008241298751747561,11284.645735293414
2020-06-15,0.01479234582946043,11451.572117572821
2020-06-16,0.01173367626046844,11585.94115747383
2020-06-17,0.001977509793156995,11608.852469575675
2020-06-18,0.001537876762198431,11626.705454024426
2020-06-19,-0.004426748425496741,11575.236953962109
2020-06-22,0.014090710066204602,11738.340261828007
2020-06-23,0.010356979335673889,11859.914009354869
2020-06-24,-0.027598644541297724,11532.596458320328
2020-06-25,0.016185228028630937,11719.254161760424
2020-06-26,-0.03809277240268016,11272.835280247322
2020-06-29,0.01602654625338138,11453.499896272953
2020-06-30,0.023962666372000684,11727.956293079087
2020-07-01,0.016387514382457478,11920.148345508753
2020-07-02,0.011893396996131289,12061.919402034664
2020-07-06,0.036033377114561435,12496.551092573625
2020-07-07,-0.008552765885589187,12389.671016701537
2020-07-08,0.012760307208612176,12547.767025088287
2020-07-09,0.005267995326630457,12613.8686031361
2020-07-10,0.018505833850004972,12847.298759711532
2020-07-13,-0.020182717258803842,12588.005361304893
2020-07-14,0.012929920724413613,12750.767272705058
2020-07-15,0.004030976593635505,12802.165317132223
2020-07-16,-0.010561346167187248,12666.957217528432
2020-07-17,-0.00017515262196869923,12664.738566759417
2020-07-20,0.034791556155470096,13105.364529799175
2020-07-21,-0.013068985655271792,12934.090708752121
2020-07-22,0.005250001616623456,13001.994705882624
2020-07-23,-0.028132909882677342,12636.21076052698
2020-07-24,-0.010020684822421789,12509.587275146043
2020-07-27,0.018800503248882907,12744.773811354611
2020-07-28,-0.014017791185556494,12566.120233359892
2020-07-29,0.01504057296560615,12755.121881624324
2020-07-30,-0.0011672384478773174,12740.233612956728
2020-07-31,0.013370022071029141,12910.570817552027
2020-08-03,0.013879372008626746,13089.761432772553
2020-08-04,0.001501915245349872,13109.421145026428
2020-08-05,0.010856317525205007,13251.74118354847
2020-08-06,0.016732397916084253,13473.474590112566
2020-08-07,-0.008421377246114671,13360.009377773287
2020-08-10,-0.006014840216643313,13279.651056073126
2020-08-11,-0.011681050010255968,13124.530787968388
2020-08-12,0.030028934690635604,13518.646465845526
2020-08-13,0.005521653107221291,13593.291742109088
2020-08-14,0.001420512529306561,13612.601183343273
2020-08-17,0.019952496572450497,13884.206561796067
2020-08-18,0.009369070872493081,14014.288677081868
2020-08-19,-0.002472911971775838,13979.632574836389
2020-08-20,0.01861007532953939,14239.794590133377
2020-08-21,0.010003266900264386,14382.23905602342
2020-08-24,0.008868037933067662,14509.781297534682
2020-08-25,0.009557223465487085,14648.454519830568
2020-08-26,0.024176028734896857,15002.59597722382
2020-08-27,0.0034933254475061903,15055.004927529711
2020-08-28,0.010191404461162588,15208.436571910965
2020-08-31,0.0104918888016324,15368.001797270132
2020-09-01,0.0074134138235784856,15481.931154234791
2020-09-02,0.0089489092043188,15620.477550441554
2020-09-03,-0.054472455112198316,14769.591788244024
2020-09-04,-0.012064952465198597,14591.397365388475
2020-09-08,-0.05818014303070318,13742.467779652348
2020-09-09,0.03804641831360587,14265.31945745825
2020-09-10,-0.018398954437344694,14002.852494726309
2020-09-11,-0.005875548064741909,13920.578061850052
2020-09-14,0.027110087649449523,14297.96615323781
2020-09-15,0.012959632101874197,14483.262534388821
2020-09-16,-0.01632858398496774,14246.771365719716
2020-09-17,-0.016191661708660633,14016.09246332535
2020-09-18,-0.01003582567105059,13875.429402774093
2020-09-21,-0.002404142255451026,13842.070896634355
2020-09-22,0.012531598614815176,14015.53417310879
2020-09-23,-0.039152107377508225,13466.7964742101
2020-09-24,0.009075555507563806,13589.015133120858
2020-09-25,0.02392955018158285,13914.194152667164
2020-09-28,0.018944784289548867,14177.795559452346
2020-09-29,-0.0012391687816162955,14160.226877802936
2020-09-30,0.009608342015620573,14296.28318066365
2020-10-01,0.016529558975448347,14532.594436628138
2020-10-02,-0.022694570986286522,14202.78344057117
2020-10-05,0.01665131624482188,14439.27847919684
2020-10-06,-0.013943680814797224,14237.941788886947
2020-10-07,0.011551053148050137,14402.405011209223
2020-10-08,0.005445006527204644,14480.826200502703
2020-10-09,0.00969557203472392,14621.226094051994
2020-10-12,0.018367164269164883,14889.776555538048
2020-10-13,-0.0042288674772752435,14826.809663718437
2020-10-14,-0.0033603405198911916,14776.98653442473
2020-10-15,-0.010165311160335134,14626.77386829022
2020-10-16,-0.002713797059014943,14587.079772383575
2020-10-19,-0.01766664331080352,14329.37503709864
2020-10-20,0.004919997925584686,14399.87553255609
2020-10-21,0.003907780463009092,14456.147084831973
2020-10-22,-0.000266813469880345,14452.28999006717
2020-10-23,0.0024363974451316666,14487.50151247527
2020-10-26,-0.01667271971792944,14245.95546034469
2020-10-27,0.005083123011630308,14318.36940436783
2020-10-28,-0.04472480040745118,13677.983190597322
2020-10-29,0.015372918867688545,13888.253716459983
2020-10-30,-0.02646968763382311,13520.635978806005
2020-11-02,0.010337069265203593,13660.399729428527
2020-11-03,0.021622450186444445,13955.771042105014
2020-11-04,0.028115902575450227,14348.150141090127
2020-11-05,0.02038609043605394,14640.652827456473
2020-11-06,0.0020393386735266805,14670.510076973182
2020-11-09,0.002910891366584556,14713.214338099633
2020-11-10,-0.007527383954049582,14602.46232457853
2020-11-11,0.012396550199223,14783.482481817427
2020-11-12,-0.007231687407605303,14676.572957713115
2020-11-13,0.00728904487583799,14783.551156625397
2020-11-16,0.003924873864299205,14841.574730181566
2020-11-17,0.003657775559897414,14895.861879500017
2020-11-18,0.001220012492652654,14914.035017081835
2020-11-19,0.0058896420625694675,15001.873345041073
2020-11-20,-0.014068593943801912,14790.818080553345
2020-11-23,0.008316181555701732,14913.821209068583
2020-11-24,0.014019041634600191,15122.898689529498
2020-11-25,0.00595472941653975,15212.95145921939
2020-11-27,0.0020438549772326953,15244.044525777714
2020-11-30,-0.0009815467444183714,15229.081783501668
2020-12-01,0.013145001193586369,15429.26808172302
2020-12-02,0.0015017054365840674,15452.438297483855
2020-12-03,-0.0013570760587187313,15431.46816342151
2020-12-04,0.005082173519863498,15509.893562294268
2020-12-07,0.009314117459705363,15654.354532721005
2020-12-08,0.001768577363915025,15682.040469794276
2020-12-09,-0.02039027084109297,15362.279417274189
2020-12-10,0.0009911097700122991,15377.50512249431
2020-12-11,-0.0027159210528751926,15335.741032591432
2020-12-14,0.002468304819999434,15373.594316100442
2020-12-15,0.00917431463019901,15514.636507353385
2020-12-16,-0.00026139884248725946,15510.580999328753
2020-12-17,0.009366288993383655,15655.85758342375
2020-12-18,0.004076702196252014,15719.681852418304
2020-12-21,-0.003186721079446309,15669.587610897013
2020-12-22,-0.0052729941065207675,15586.96196777314
2020-12-23,-0.0004314432986594509,15580.237077485686
2020-12-24,0.006534762975051799,15682.05023388217
2020-12-28,0.013733422795668164,15897.418460046982
2020-12-29,-0.0010146414281023922,15881.28828067754
2020-12-30,0.0038459278869536714,15942.366570156944
2020-12-31,0.005239267848514273,16025.892898757196
2021-01-04,-0.0066882804888240945,15918.707231966455
2021-01-05,0.006712624391998501,16025.563534420839
2021-01-06,-0.007020801724496631,15913.051230322348
2021-01-07,0.028281559465513646,16363.097134970474
2021-01-08,0.010325625808768588,16532.05635305871
2021-01-11,-0.01563185228364985,16273.629690202722
2021-01-12,-0.002597373249198254,16231.360999778031
2021-01-13,0.004325348397442385,16301.567291066729
2021-01-14,-0.012226603279879587,16102.254494958597
2021-01-15,-0.007114606027858873,15987.693298066648
2021-01-19,0.013278972413465618,16199.993436326626
2021-01-20,0.017210987779396194,16478.811325385544
2021-01-21,0.007531330793827305,16602.91870456609
2021-01-22,0.0002264097753000066,16606.677767659316
2021-01-25,0.010770888080729991,16785.54643528752
2021-01-26,0.005683673612502306,16880.950002633195
2021-01-27,-0.026073424329957122,16440.80583012175
2021-01-28,0.0017887308338881192,16470.214006444057
2021-01-29,-0.02488328368714443,16060.38099893373
2021-02-01,0.021441135956174407,16404.733811439826
2021-02-02,0.013502908796995974,16626.245435934696
2021-02-03,0.008480054030844186,16767.2368955615
2021-02-04,0.009312609073674172,16923.38361801555
2021-02-05,0.003366995436346276,16980.364573424944
2021-02-08,0.00722666689140894,17103.076011891768
2021-02-09,-0.0060243996062094626,17000.040247500758
2021-02-10,-0.00281613047096192,16952.16591615219
2021-02-11,0.0024035873365732758,16992.911927475743
2021-02-12,0.0023738620251869684,17033.250755797722
2021-02-16,-0.0011214001663058632,17014.149665567442
2021-02-17,0.0024182890335348707,17055.294797118604
2021-02-18,-0.00198225556142998,17021.486844155188
2021-02-19,-0.006499735652739735,16910.85167925159
2021-02-22,-0.020342231670195877,16566.847216651935
2021-02-23,-0.007542107189031666,16441.898279159635
2021-02-24,0.011558288957538987,16631.93849048063
2021-02-25,-0.032941703600578624,16084.05410242416
2021-02-26,0.0015409257102048332,16108.83843491491
2021-03-01,0.023409451416451274,16485.93750563251
2021-03-02,-0.012226757979883818,16284.367937679655
2021-03-03,-0.01957891815699504,15965.53763058943
2021-03-04,-0.01900837421163635,15662.058716817224
2021-03-05,0.011327583401956033,15839.471993178302
2021-03-08,-0.011034743124484006,15664.687488506119
2021-03-09,0.03909047287019058,16277.027529795583
2021-03-10,0.0046655610628686724,16352.968995657839
2021-03-11,0.018439828178071976,16654.514934139108
2021-03-12,-0.003829607640399968,16590.734676500175
2021-03-15,0.005493381111876449,16681.873905004213
2021-03-16,0.0008383679568433776,16695.859453546273
2021-03-17,0.003331574281300965,16751.48294950592
2021-03-18,-0.022156628038777264,16380.326572695798
2021-03-19,-0.005957070798041232,16282.747807607215
2021-03-22,0.007367304675176844,16402.707771654925
2021-03-23,-0.001527266590448073,16377.65646408239
2021-03-24,-0.007120670735985957,16261.036564974567
2021-03-25,0.0005278115503741241,16269.619327894618
2021-03-26,0.011198665034284783,16451.817344983036
2021-03-29,-0.0008920418451427435,16437.141635482665
2021-03-30,0.0002278979990776868,16440.88762717195
2021-03-31,0.01013390248707865,16607.497979186726
2021-04-01,0.016087338195872436,16874.66841576517
2021-04-05,0.016485134335243914,17152.849591461756
2021-04-06,-0.0018718204867489209,17120.742536190333
2021-04-07,0.005194715405752437,17209.679921201
2021-04-08,0.0034170992076891114,17268.487104824322
2021-04-09,0.005704280351088175,17366.99139650939
2021-04-12,0.0003504019156188032,17373.076823563264
2021-04-13,-0.0033763467167775784,17314.419292669703
2021-04-14,-0.004585196031376348,17235.02928604337
2021-04-15,0.012143735591356598,17444.326924602363
2021-04-16,0.006273131758456918,17553.757485837996
2021-04-19,-0.0016185124319695434,17525.346511119387
2021-04-20,-0.003921530157406706,17456.62033625703
2021-04-21,0.006943321267926229,17577.827259503876
2021-04-22,-0.010313025170424005,17396.54668453525
2021-04-23,0.007791941001015058,17532.09954992255
2021-04-26,-0.004764938773182769,17448.560169001827
2021-04-27,-0.0009059365186066094,17432.752881147622
2021-04-28,0.008118870553868318,17574.287145187234
2021-04-29,0.01524086326513288,17842.134452549217
2021-04-30,-0.007099261682512404,17715.468471096
2021-05-03,0.0057260213684502065,17816.907622113602
2021-05-04,-0.0038039923315530857,17749.13224214709
2021-05-05,-0.0036854584594193662,17683.718552577917
2021-05-06,0.011312700911574526,17883.769171567696
2021-05-07,0.002439092416382271,17927.389337330394
2021-05-10,-0.007088785689281617,17800.30591634975
2021-05-11,-0.008939481246772607,17641.180415423725
2021-05-12,-0.01601768110817059,17358.60961315776
2021-05-13,0.014937711213533222,17617.907510627574
2021-05-14,0.009792031191110705,17790.42261049374
2021-05-17,-0.0012223691217602142,17768.676147231607
2021-05-18,-0.007948003937307536,17627.450639252667
2021-05-19,-0.0016414967719168394,17598.51523593121
2021-05-20,0.01001074400710037,17774.689466863172
2021-05-21,-0.0006542981893066569,17763.05951972952
2021-05-24,0.008704114285255615,17917.67121984504
2021-05-25,-0.001471193206427257,17891.310863671406
2021-05-26,-0.0020551802029954106,17854.540995778752
2021-05-27,-0.0007862232980483053,17840.50333967191
2021-05-28,-0.0009498040130703549,17823.558358004695
2021-06-01,-0.0013554713523492355,17799.399035253497
2021-06-02,0.00524743776641995,17892.800273970664
2021-06-03,0.00034612206673457764,17898.99336698116
2021-06-04,0.009009199893188801,18060.248976111154
2021-06-07,0.0014373125305247702,18086.207198268916
2021-06-08,-0.005389092162062093,17988.738960815295
2021-06-09,-0.002636752006644416,17941.307117263364
2021-06-10,0.005089084184787074,18032.611939568236
2021-06-11,0.0014490501687147053,18058.742098941635
2021-06-14,0.0015212720436038603,18086.214358439403
2021-06-15,-0.00600639121162181,17977.581479465363
2021-06-16,-0.007797208830216885,17837.40652240773
2021-06-17,0.008405948133524622,17987.346836471686
2021-06-18,-0.014582264821739466,17725.050581461775
2021-06-21,0.009939669601780032,17901.231727916344
2021-06-22,0.007570525870738743,18036.753465830625
2021-06-23,-0.0019291381987088909,18001.958075738996
2021-06-24,0.0050706640179239764,18093.23995680582
2021-06-25,0.0029336388740161096,18146.318988900013
2021-06-28,0.008744106613775582,18304.992336786538
2021-06-29,-0.0006079939850958001,18293.863011548547
2021-06-30,0.0008795587291886561,18309.953538450933
2021-07-01,0.006362496136418317,18426.450547097327
2021-07-02,0.013001482262740786,18666.021717050684
2021-07-06,0.006296713190340931,18783.556302207628
2021-07-07,0.002756109776784699,18835.32584537493
2021-07-08,-0.0076577947076676535,18691.08878679902
2021-07-09,0.005729376005555675,18798.177062411814
2021-07-12,0.003767378206295635,18868.996904994834
2021-07-13,0.004612016975994804,18956.02103904067
2021-07-14,0.006036537860076241,19070.449777719237
2021-07-15,-0.006457504738329169,18947.302257917545
2021-07-16,-0.007552154934925868,18804.209295666882
2021-07-19,-0.009211002466921813,18631.00367745598
2021-07-20,0.009296810311345605,18804.21258455527
2021-07-21,0.008493964893487083,18963.934906098148
2021-07-22,0.008305720161332764,19121.44404258593
2021-07-23,0.016377491277296666,19434.605325602697
2021-07-26,0.0022187640905762976,19477.726130013663
2021-07-27,-0.0057603915386375115,19365.526801222433
2021-07-28,0.004770204884494488,19457.904331760434
2021-07-29,-0.003188731685623325,19395.858295681923
2021-07-30,-0.010651846562937902,19189.25658915983
2021-08-02,-0.0006472275685934334,19176.836773274514
2021-08-03,0.006902751670586916,19309.209715347803
2021-08-04,-0.0010645723608945115,19288.653664374127
2021-08-05,0.00760143467299358,19435.275105133867
2021-08-06,-0.0021797045944087386,19392.91194669361
2021-08-09,0.0009472835672782564,19411.282533502388
2021-08-10,0.0007148145810076277,19425.158001293396
2021-08-11,-0.007296229461958093,19283.427591181167
2021-08-12,0.006849160253426089,19415.50287698851
2021-08-13,0.007475380025512101,19560.641139380423
2021-08-16,0.005745269229407181,19673.02228902598
2021-08-17,-0.006438424487640527,19546.359020574415
2021-08-18,-0.014116750945456249,19270.427938390494
2021-08-19,0.007207770003947623,19409.32475084806
2021-08-20,0.010590115268957635,19614.87173725217
2021-08-23,0.014691565497173409,19903.044910098666
2021-08-24,-0.0038554526517297627,19826.30966282253
2021-08-25,-0.000787573590685675,19810.69498493133
2021-08-26,-0.005676553723172085,19698.23851055599
2021-08-27,0.008287262494821214,19861.482983778566
2021-08-30,0.010625003775304996,20072.51131546437
2021-08-31,-0.0034629492294652505,20003.001227871053
2021-09-01,0.004006593783448743,20083.14512824096
2021-09-02,-0.0005183202133842155,20072.735628172668
2021-09-03,0.0034747364722957806,20142.48309475863
2021-09-07,0.002500214390994437,20192.843620862506
2021-09-08,-0.003043001056461692,20131.396776391255
2021-09-09,-0.004397991537003921,20042.85906374062
2021-09-10,-0.00826045776337855,19877.29587298724
2021-09-13,0.003762006181340527,19952.074382929753
2021-09-14,-0.0024669507237933598,19902.85359858961
2021-09-15,0.0058217571562172235,20018.723178956338
2021-09-16,-0.0010721304766850852,19997.260495731858
2021-09-17,-0.00958549446556366,19805.576865923587
2021-09-20,-0.021295600281049043,19383.805217651287
2021-09-21,0.0046457656278539265,19473.85783366847
2021-09-22,0.007251595466112482,19615.07437284282
2021-09-23,0.00951031666059421,19801.619941449662
2021-09-24,0.004568745865510882,19892.08851068758
2021-09-27,-0.0015911351405542668,19860.437509639207
2021-09-28,-0.02329773398427059,19397.734319728403
2021-09-29,0.001648031886247825,19429.702404408275
2021-09-30,-0.009043536410766363,19253.989183263653
2021-10-01,0.008456687103808003,19416.814145286622
2021-10-04,-0.013632988163370698,19152.104947873562
2021-10-05,0.013903780590691016,19418.39161291868
2021-10-06,0.007766550432265173,19569.205530693893
2021-10-07,0.010826749037959837,19781.076407846973
2021-10-08,-0.0035123786002819184,19711.597778381507
2021-10-11,-0.005937382606005947,19594.56248059556
2021-10-12,-0.002019890789161227,19554.98360432336
2021-10-13,0.0018218829771781133,19590.610496071073
2021-10-14,0.01967085867367271,19975.974626470255
2021-10-15,0.015583012759221715,20287.26049395243
2021-10-18,0.00460287767678903,20380.64027240325
2021-10-19,0.001514567255528343,20411.508122806536
2021-10-20,-4.841302241079818e-05,20410.519940006347
2021-10-21,0.007869170471890763,20571.13380083418
2021-10-22,-0.0012939307942699371,20544.516177336238
2021-10-25,0.016090338111762092,20875.084388972144
2021-10-26,0.011840913505750218,21122.2644576472
2021-10-27,0.005171597467226696,21231.500307018458
2021-10-28,0.011041428851885138,21465.92640707718
2021-10-29,0.007165857617216521,21619.748179331942
2021-11-01,0.0032422808044753277,21689.845473851386
2021-11-02,0.0011021153128452424,21713.75018468136
2021-11-03,0.008520499436170137,21898.762180887075
2021-11-04,0.012536421113724248,22173.29428545597
2021-11-05,-0.011076760763603078,21927.686009315006
2021-11-08,0.0007130536550237431,21943.32162597016
2021-11-09,-0.013971526073090202,21636.739935742717
2021-11-10,0.003350565519002503,21709.235250515037
2021-11-11,0.003356695900973716,21782.106551493715
2021-11-12,0.004495493732760147,21880.027874982272
2021-11-15,-0.004360857513358629,21784.612191031156
2021-11-16,0.014425532075641248,22098.866812948283
2021-11-17,-0.004853485154287951,21991.610290945053
2021-11-18,0.007203337340549776,22150.023278532633
2021-11-19,0.0002884913388526149,22156.41336840387
2021-11-22,-0.005176333792014853,22041.724377175153
2021-11-23,0.0032072929091025663,22112.41864347446
2021-11-24,0.006473349174696962,22255.560050450746
2021-11-26,-0.027214554227533175,21649.884904593633
2021-11-29,0.009202220344175283,21849.11191591174
2021-11-30,-0.017119005554843636,21475.076847654847
2021-12-01,-0.016822047012761302,21113.822095320935
2021-12-02,0.003358404781823576,21184.73085640843
2021-12-03,-0.013975096272233091,20888.672203188773
2021-12-06,0.011608854711993013,21131.16576392204
2021-12-07,0.025750895947880506,21675.31221476621
2021-12-08,0.004959324706316015,21782.80712615001
2021-12-09,-0.01131532088339864,21536.327673776446
2021-12-10,0.007231193218795606,21692.06102040882
2021-12-13,-0.015510158881811755,21355.613707508324
2021-12-14,-0.0053647413552664345,21241.04636348456
2021-12-15,0.022995967254473487,21729.50477011
2021-12-16,-0.02409719533985687,21205.884649026306
2021-12-17,-0.011898390428728768,20953.568754085605
2021-12-20,-0.009782995657113703,20748.58008196335
2021-12-21,0.01928897362311587,21148.79889588145
2021-12-22,0.01598631082861636,21486.890168682912
2021-12-23,0.010241756129032597,21706.953657761875
2021-12-27,0.018443075145729328,22107.296635256844
2021-12-28,-0.002203997521152557,22058.572208273355
2021-12-29,-0.00016665717351537239,22054.89598897734
2021-12-30,-0.0051351075627550265,21941.641725788566
2021-12-31,-0.0064724919193353105,21799.62462702145
2022-01-03,0.019262612323228543,22219.54234500367
2022-01-04,-0.011510030884836599,21963.79472636574
2022-01-05,-0.02798927354919253,21349.044067591178
2022-01-06,-0.0022126187553381583,21301.806772278684
2022-01-07,-0.009557383370234464,21098.21723847736
2022-01-10,-0.00031254503246777,21091.623095485542
2022-01-11,0.006683645330596667,21232.592023702393
2022-01-12,0.006745761412096375,21375.822023654673
2022-01-13,-0.026112852022300882,20817.63834629594
2022-01-14,0.004835545927155505,20918.302992614364
2022-01-18,-0.022412875323224172,20449.463675667474
2022-01-19,-0.009196900867057645,20261.391985457863
2022-01-20,-0.013520423881422996,19987.4493773868
2022-01-21,-0.023975170925090026,19508.24686220737
2022-01-24,0.003904008636581869,19584.407226442
2022-01-25,-0.017972027293824966,19232.435725235
2022-01-26,0.005148153732079941,19331.447260990855
2022-01-27,-0.012357546986607505,19092.557993144033
2022-01-28,0.0292272735424018,19650.581408233826
2022-01-31,0.030937881275044623,20258.528762827365
2022-02-01,0.0030787433961213424,20320.899574471052
2022-02-02,0.009392824479639841,20511.77021744244
2022-02-03,-0.004762204256704473,20414.088978000393
2022-02-04,-0.006138797896262128,20288.771011528137
2022-02-07,-0.0029699392269503582,20228.514594634387
2022-02-08,0.0023246587198526574,20275.53898747647
2022-02-09,0.00019358057213355605,20279.46393791398
2022-02-10,-0.010146170191200588,20073.705045413593
2022-02-11,-0.008094202549118967,19911.224410864743
2022-02-14,-0.0015498384665491916,19880.365229356692
2022-02-15,0.008168703673249546,20042.76204183128
2022-02-16,0.0008439350149409661,20059.67683051451
2022-02-17,-0.0025415592611601418,20008.693973090038
2022-02-18,-0.00314334346094528,19945.79977572767
2022-02-22,-0.005163001974574966,19842.81957210111
2022-02-23,-0.009693429701792933,19650.474595493586
2022-02-24,-0.012323120094825536,19408.319437133003
2022-02-25,0.028131691359674284,19954.308289348395
2022-02-28,-0.013308852623280932,19688.739341125944
2022-03-01,-0.01483736741022154,19396.610281677575
2022-03-02,0.011374611855374282,19617.23919494162
2022-03-03,5.260131048022204e-05,19618.27108743128
2022-03-04,-0.006277828388675917,19495.110948261863
2022-03-07,-0.01990546948000676,19107.05161227189
2022-03-08,0.0030404442838015047,19165.145538126722
2022-03-09,0.012021767458488913,19395.544461094178
2022-03-10,0.0019346459871799615,19433.067973355006
2022-03-11,-0.0026915628282165867,19380.762649959717
2022-03-14,0.004321923992393935,19464.52483304747
2022-03-15,-0.0012063283683708377,19441.044224564506
2022-03-16,0.011295401416381032,19660.63862303458
2022-03-17,0.012681028647378443,19909.955744639035
2022-03-18,0.006022735893028248,20029.868149730875
2022-03-21,0.007494575709936549,20179.983513039082
2022-03-22,0.006422758286315143,20309.59466936516
2022-03-23,-0.0075735577543359755,20155.778781169567
2022-03-24,0.008534931530655954,20327.806973013896
2022-03-25,0.010718819210903514,20545.697060911778
2022-03-28,-0.0034887513379010366,20474.018232802413
2022-03-29,0.009585371677277368,20670.269307291175
2022-03-30,-0.0011704872367947403,20646.07502088588
2022-03-31,-0.015450696424817698,20327.078783374163
2022-04-01,0.009125178581372595,20512.567007310085
2022-04-04,0.010336067984168473,20724.586294427452
2022-04-05,-0.011938735031486273,20477.16095002111
2022-04-06,-0.0020879444971111257,20434.405774499053
2022-04-07,0.010677419294369838,20652.592492984673
2022-04-08,-0.006664212163080574,20514.95923489378
2022-04-11,-0.028596887006854057,19928.295263703305
2022-04-12,-0.004562659525781831,19837.36923748578
2022-04-13,0.01251411250209571,20085.616307869288
2022-04-14,-0.009090113403039312,19903.03577786082
2022-04-18,-0.0004971617597313029,19893.140749569502
2022-04-19,0.007474581376956558,20041.833648945412
2022-04-20,-0.010225493482100256,19836.896009598782
2022-04-21,-0.010623153000417183,19626.16562823545
2022-04-22,-0.021672490024036425,19200.817749447433
2022-04-25,0.008047791417340057,19355.341925737346
2022-04-26,-0.028711676788650744,18799.617604231757
2022-04-27,-0.0028900977380145625,18745.284871918226
2022-04-28,0.026027928435106887,19233.185805060206
2022-04-29,-0.03947753201762586,18473.907096639996
2022-05-02,0.009061117924485194,18641.301347368633
2022-05-03,0.006218710031420615,18757.22619505625
2022-05-04,0.02419734734403387,19211.101312508636
2022-05-05,-0.03482994963364558,18541.979621387098
2022-05-06,-0.0025240144648880133,18495.179396615054
2022-05-09,-0.0353771538181864,17840.872590206054
2022-05-10,0.008996820448205744,18001.383717539455
2022-05-11,-0.015735757335539877,17718.118311656315
2022-05-12,0.004708940574124387,17801.551877871207
2022-05-13,0.02461952633590602,18239.81765314845
2022-05-16,-0.0036869645056633693,18172.56809287152
2022-05-17,0.008245049734416032,18322.401820599305
2022-05-18,-0.039250137347952595,17603.245032596406
2022-05-19,-0.0031918033286374215,17547.058936506546
2022-05-20,-0.0026536809018256175,17500.49464132353
2022-05-23,0.011427319008757542,17700.478376400984
2022-05-24,-0.014013230128287467,17452.4374995317
2022-05-25,0.01432572628087834,17702.456342084126
2022-05-26,0.018962010713611144,18038.130508899958
2022-05-27,0.024738331670319812,18484.36376414164
2022-05-31,-0.002104485373363486,18445.463690964076
2022-06-01,-0.007619231160118877,18304.92343924704
2022-06-02,-0.0013990630251818348,18279.313697684403
2022-06-03,0.002676118114119358,18328.23130018445
2022-06-06,-0.0023062947525196442,18285.960996513866
2022-06-07,0.019514384430375453,18642.80026907869
2022-06-08,5.4851517275300576e-05,18643.82285495971
2022-06-09,-0.018852685087441978,18292.3367338491
2022-06-10,-0.011461337652096337,18082.682086096615
2022-06-13,-0.029510857042000405,17549.046640117875
2022-06-14,-0.005311430663714034,17455.8360956746
2022-06-15,-0.005814839284800921,17354.333214196427
2022-06-16,-0.024330027327393505,16932.101812846333
2022-06-17,-0.02510404814220954,16507.037513787847
2022-06-21,0.04143960638295219,17191.08265090784
2022-06-22,-0.01569780547367433,16921.220379572034
2022-06-23,-0.005790048236497647,16823.245697353905
2022-06-24,0.01682276470908106,17106.25920136355
2022-06-27,0.013883568203641283,17343.755117694847
2022-06-28,0.0017743115949205301,17374.528343499635
2022-06-29,-0.01067722404483104,17189.016611702824
2022-06-30,-0.013681736902718927,16953.84100880504
2022-07-01,0.017832329933680946,17256.167495317222
2022-07-05,-0.006774498137881112,17139.26562075323
2022-07-06,0.002177324917948087,17176.583370864628
2022-07-07,0.022426223068891044,17561.789261101043
2022-07-08,-0.003168260517223853,17506.14893757329
2022-07-11,-0.0056244874471871684,17407.68582262532
2022-07-12,-0.02514552633291563,16969.960400377375
2022-07-13,-0.005951715626355214,16868.96002188382
2022-07-14,-0.014248882456619927,16628.596193366575
2022-07-15,0.021071206248961673,16978.980773387702
2022-07-18,0.0007253090257088868,16991.295781389977
2022-07-19,0.02422710326221529,17402.945658844554
2022-07-20,0.016663876253486865,17692.9461917497
2022-07-21,0.001700516733921095,17723.033342821134
2022-07-22,-0.0070072604737245,17598.84343180348
2022-07-25,0.00515178571106482,17689.508901926714
2022-07-26,-0.010725566484812486,17499.778898115415
2022-07-27,0.024226195198889543,17923.73195763857
2022-07-28,0.00035835226886031047,17930.154967652034
2022-07-29,0.019075481000398686,18272.181298071682
2022-08-01,-0.009649169105220992,18095.869930805336
2022-08-02,-0.008573784218367608,17940.719846774962
2022-08-03,0.02165775731914863,18329.275603347247
2022-08-04,0.004468482377408357,18411.179648371464
2022-08-05,-0.008093738885050928,18262.164367731784
2022-08-08,-0.002668728390662567,18213.427611208674
2022-08-09,-0.006743550252090314,18090.60444684968
2022-08-10,0.020782674990915483,18466.575599457767
2022-08-11,-0.008451560725130904,18310.504214393728
2022-08-12,0.01748870428618934,18630.731207930283
2022-08-15,0.010298870180446186,18822.606690007546
2022-08-16,0.006279280553018597,18940.799118153227
2022-08-17,-0.006287840044264703,18821.70240298773
2022-08-18,0.0008153359746705392,18837.048414061424
2022-08-19,-0.01282309418991421,18595.499167987942
2022-08-22,-0.021196732887401763,18201.3353392162
2022-08-23,-0.0028839450104455877,18148.84368898122
2022-08-24,0.0006868934431882079,18161.310010712627
2022-08-25,0.009931873176405448,18341.68583845641
2022-08-26,-0.034675544402054934,17705.67789675647
2022-08-29,-0.007349998914222934,17575.54118343973
2022-08-30,-0.010543983391830216,17390.224969099112
2022-08-31,-0.009572655753593595,17223.75433199238
2022-09-01,0.008000915152674882,17361.56012901317
2022-09-02,-0.015338751612671587,17095.255470585773
2022-09-06,-0.003924382894396606,17028.167142441667
2022-09-07,0.018604566789263057,17344.96881534196
2022-09-08,0.006418919694871794,17456.304777277695
2022-09-09,0.024217457704310323,17879.05209989497
2022-09-12,0.012189649674228533,18096.991481499972
2022-09-13,-0.057880205877857666,17049.533888780916
2022-09-14,0.00530711539274249,17140.017732521148
2022-09-15,-0.014015062011255896,16899.79932112584
2022-09-16,-0.006179530880199635,16795.366489351767
2022-09-19,0.008543584242501522,16938.85911783723
2022-09-20,-0.008849948910952785,16788.95108003454
2022-09-21,-0.021249792945558746,16432.189345810693
2022-09-22,-0.012616596606412855,16224.871041474402
2022-09-23,-0.018278237248217588,15928.3089992566
2022-09-26,-0.00944322897101224,15777.894330255584
2022-09-27,-0.0021649882246003063,15743.735374821592
2022-09-28,0.02020562528255191,16061.847392352895
2022-09-29,-0.02865378024360867,15601.614746866037
2022-09-30,-0.014376781277541897,15377.31374407387
2022-10-03,0.016235859013460086,15626.977642028396
2022-10-04,0.03341993792403675,16149.230264765296
2022-10-05,-0.003229854072380933,16097.070607628824
2022-10-06,-0.00844478303186913,15961.13433889872
2022-10-07,-0.03899242259410946,15338.77104367503
2022-10-10,-0.009572351438861138,15191.942936604746
2022-10-11,-0.018739492781300313,14907.253631610316
2022-10-12,-0.0003308389654864796,14902.321731240589
2022-10-13,0.02947702707747959,15341.59787242968
2022-10-14,-0.030792772860316866,14869.18753382963
2022-10-17,0.043289301048445236,15512.86426932737
2022-10-18,0.009948967745753268,15667.20125558716
2022-10-19,-0.0043834082835898965,15598.52551582275
2022-10-20,-0.0070940113215671625,15487.869399213749
2022-10-21,0.02344572607404474,15850.993742618295
2022-10-24,0.006118395571724367,15947.976392540562
2022-10-25,0.02650993717574695,16370.756244787106
2022-10-26,-0.021907050772008663,16012.121256556375
2022-10-27,-0.0333029411152078,15478.87052521971
2022-10-28,0.023812944205597885,15847.468005402441
2022-10-31,-0.016458364878975874,15586.644594561632
2022-11-01,-0.00737779291627051,15471.649558483448
2022-11-02,-0.015698411084461673,15228.769243559645
2022-11-03,0.00018415015136553654,15231.573623720957
2022-11-04,0.006759718943938108,15334.53478049121
2022-11-07,0.008206978996421468,15460.384985354596
2022-11-08,0.005114449003938614,15539.456335943449
2022-11-09,-0.019546617069527684,15235.712533476119
2022-11-10,0.026588585708416934,15640.80858200125
2022-11-11,0.003969441637959426,15702.893858837999
2022-11-14,0.002154452292440923,15736.724994510127
2022-11-15,0.011431788231088537,15916.623902098247
2022-11-16,-0.003260407411954225,15864.729223554557
2022-11-17,-4.1443390444295496e-05,15864.071735387051
2022-11-18,0.0038233066513816754,15924.724946370954
2022-11-21,0.002517764114997622,15964.819647382134
2022-11-22,0.011790183092162376,16153.04779405812
2022-11-23,0.002070736893532866,16186.496506068275
2022-11-25,-0.0014467631633078182,16163.078479180283
2022-11-28,-0.011059657558155111,15984.320366114964
2022-11-29,0.0025682506198793755,16025.37210680359
2022-11-30,0.019595881144170515,16339.403393899618
2022-12-01,0.0003943834678444055,16345.847384472614
2022-12-02,-0.0002640235391238034,16341.531695996187
2022-12-05,-0.014844073292118575,16098.95680179534
2022-12-06,-0.014947858461978937,15858.31187413659
2022-12-07,0.0006988268212727465,15869.394087814344
2022-12-08,0.014101605428768548,16093.178021634336
2022-12-09,-0.006773948440818434,15984.163663466872
2022-12-12,0.020596583416366256,16313.382823702319
2022-12-13,0.006531054501996304,16419.926416035847
2022-12-14,-0.003043412300159653,16369.953810013567
2022-12-15,-0.025647466344977766,15950.105970602404
2022-12-16,-0.010011582186591495,15790.420173792874
2022-12-19,-0.008816026466069516,15651.211411630358
2022-12-20,-3.94043497736773e-06,15651.149739049475
2022-12-21,0.01379024920140588,15866.982994239486
2022-12-22,-0.01703046612118069,15596.760877910743
2022-12-23,0.0026590941254869497,15638.234133137817
2022-12-27,-0.006234000667356187,15540.745371115565
2022-12-28,-0.009914562366601709,15386.665681910163
2022-12-29,0.016541150175533925,15641.178829655373
2022-12-30,-0.002932222888718417,15595.31540708452
2023-01-03,-0.005714847255429867,15506.19056163278
2023-01-04,0.00823183842259083,15633.835016886043
2023-01-05,-0.013441737589669997,15423.689109068868
2023-01-06,0.02454489586629678,15802.261952125098
2023-01-09,0.00246242006138574,15841.173758971283
2023-01-10,0.004833406930316121,15917.74059800224
2023-01-11,0.010207335789803207,16080.21832130103
2023-01-12,0.0032966336906486426,16133.228910772015
2023-01-13,0.005959580812879906,16229.37619223845
2023-01-17,0.0027721585198348113,16274.366595721367
2023-01-18,-0.018866353049480228,15967.328649869822
2023-01-19,-0.012646679827146933,15765.394956740087
2023-01-20,0.018031943980799117,16049.675675435197
2023-01-23,0.01189877071550576,16240.647086355433
2023-01-24,0.004047163345001603,16306.375637942438
2023-01-25,0.0019362218903938415,16337.948399405606
2023-01-26,0.004165154742333086,16405.998482661387
2023-01-27,0.006252894958824872,16508.58346786811
2023-01-30,-0.016664212998532373,16233.480916655504
2023-01-31,0.012030787720460935,16428.782479527938
2023-02-01,0.013666850637834285,16653.31219583712
2023-02-02,0.04156888428883728,17345.571803531755
2023-02-03,-0.015530326155603817,17076.189416067464
2023-02-06,-0.003096154831437581,17023.318889704362
2023-02-07,0.019552797727327122,17356.17240060254
2023-02-08,-0.015964819596690726,17079.084239337855
2023-02-09,-0.013649974523223515,16845.95517459091
2023-02-10,-0.010230185210896203,16673.617933100388
2023-02-13,0.011154783028789875,16859.60852344906
2023-02-14,0.00529873909768005,16948.94319030384
2023-02-15,0.0021095884010597587,16984.698484268327
2023-02-16,-0.01874990465378231,16666.23700711505
2023-02-17,-0.004725696059247854,16587.477436568035
2023-02-21,-0.019613815243951605,16262.133718763977
2023-02-22,-0.0012535435099429119,16241.748426582995
2023-02-23,0.01649609154088351,16509.673795411913
2023-02-24,-0.009588887769078647,16351.364386283609
2023-02-27,0.003105562395309147,16402.14456863365
2023-02-28,-0.00014345942000859623,16399.791526486933
2023-03-01,-0.00788816581285421,16270.427251629762
2023-03-02,0.001517713015017652,16295.121090829458
2023-03-03,0.027849601648927094,16748.93372203009
2023-03-06,0.0014828803347554321,16773.770386474614
2023-03-07,-0.014952371469534223,16522.962740711373
2023-03-08,0.001230178406380955,16543.28893268443
2023-03-09,-0.02337769660320459,16156.544943196985
2023-03-10,-0.010540835538245797,15986.241460084468
2023-03-13,0.0039925235536594885,16050.066905648344
2023-03-14,0.03383949263182402,16593.193026442314
2023-03-15,-0.0003265467211614236,16587.77457366593
2023-03-16,0.027802187895578426,17048.950999132492
2023-03-17,-0.008498317054401282,16904.063608096913
2023-03-20,0.002171512885294036,16940.771000035722
2023-03-21,0.025487533328240813,17372.549465505224
2023-03-22,-0.012660740087556167,17152.60013206425
2023-03-23,0.012208054054499984,17362.000001651715
2023-03-24,-0.003461577470095789,17301.900093610195
2023-03-27,-0.003305585809192003,17244.7071781887
2023-03-28,-0.006358129279460867,17135.06310056333
2023-03-29,0.01734604519369878,17432.28867950258
2023-03-30,0.006118658746353946,17538.950905100388
2023-03-31,0.020549961492110927,17899.375670812224
2023-04-03,-0.0024554159121533917,17855.4252589725
2023-04-04,-0.0032977776134477392,17796.54203727487
2023-04-05,-0.011857156427496131,17585.52565447039
2023-04-06,0.008647505820985703,17737.596589932517
2023-04-10,-0.0028345506187274824,17687.318474543787
2023-04-11,-0.004429650736547687,17608.969831235467
2023-04-12,-0.009665263749920073,17438.77449345219
2023-04-13,0.023502146653887546,17848.62312906138
2023-04-14,0.009982464319424768,18026.7963725981
2023-04-17,-1.9735277918975377e-05,18026.440608761695
2023-04-18,0.00040230827095599786,18033.6927949145
2023-04-19,-0.00013516374681390425,18031.25529342745
2023-04-20,-0.013553569263679866,17786.867425896882
2023-04-21,0.0029389147030893683,17839.141512096754
2023-04-24,-0.003793715020274713,17771.464892993507
2023-04-25,-0.020396871276527395,17408.98261117579
2023-04-26,0.005881440060090328,17511.37249891058
2023-04-27,0.03711652757546382,18161.33383915061
2023-04-28,0.006765083848396093,18284.19678537118
2023-05-01,0.0019055232094933653,18319.03774671265
2023-05-02,-0.00904249339554012,18153.38796887535
2023-05-03,-0.007408987841965875,18018.889738123464
2023-05-04,-0.005013907554320363,17928.54469074502
2023-05-05,0.019887150404866858,18285.09235555024
2023-05-08,0.003842476385457572,18355.352391132357
2023-05-09,-0.004602598722942209,18270.87006965778
2023-05-10,0.010659845805971102,18465.63472734126
2023-05-11,0.00520521921276026,18561.752403999835
2023-05-12,-0.005274013209500416,18463.857476629662
2023-05-15,0.00527900210198956,18561.32821905963
2023-05-16,0.0035349054830983617,18626.94075995477
2023-05-17,0.014689068122797723,18900.553161697066
2023-05-18,0.015658909097371932,19196.515205546126
2023-05-19,-0.0051833680180763736,19097.01260257118
2023-05-22,-0.0005526861291747732,19086.45794859706
2023-05-23,-0.014350703258478804,18812.55385432131
2023-05-24,-0.0030486546294996478,18755.20087492062
2023-05-25,0.03065011277879542,19330.049896925906
2023-05-26,0.017948345923909464,19676.99231920236
2023-05-30,0.0013318223061364873,19703.19857649075
2023-05-31,-0.009029094668745163,19525.296531266533
2023-06-01,0.018606476136471938,19888.59349523308
2023-06-02,0.007843257689169126,20044.584859091327
2023-06-05,-0.002640450765686065,19991.65811965228
2023-06-06,0.002152347302808633,20034.687111084786
2023-06-07,-0.02006832323095684,19632.624534308452
2023-06-08,0.00661111683303679,19762.418108843907
2023-06-09,0.001868062492494349,19799.33554087403
2023-06-12,0.012973703988899864,20056.206259358234
2023-06-13,0.0029098747158515237,20114.567306848247
2023-06-14,0.007997903189247403,20275.44166886202
2023-06-15,0.013186840310741313,20542.810680379054
2023-06-16,-0.0035659644982905187,20469.555746797723
2023-06-20,-0.0005249497606273134,20458.810258408295
2023-06-21,-0.005943501142979213,20337.213296253452
2023-06-22,0.010377767041657018,20548.26815811846
2023-06-23,-0.003861337289176381,20468.924364051523
2023-06-26,-0.016476470413413002,20131.66873737284
2023-06-27,0.013483300499111185,20403.1100765074
2023-06-28,-0.0005492848647331125,20391.902956948892
2023-06-29,0.003956228689479347,20472.577988460253
2023-06-30,0.017719401660387903,20835.339820861394
2023-07-03,0.00013973414469713435,20838.251229250738
2023-07-05,0.003799797258454052,20917.432359142622
2023-07-06,-0.0046866742518284045,20819.39916749066
2023-07-07,-0.004205560569842726,20731.841923264044
2023-07-10,-0.0045729891100927955,20637.035435916794
2023-07-11,0.007241944792762223,20786.487707229986
2023-07-12,0.015084405820947834,21100.039523397983
2023-07-13,0.0164348534554306,21446.815580868824
2023-07-14,0.0010359839443939258,21469.03413746898
2023-07-17,0.005143477487780613,21579.459631239442
2023-07-18,0.003315374637255963,21651.003624386543
2023-07-19,0.001743192449534392,21688.745490429414
2023-07-20,-0.015962222228296574,21342.544915058217
2023-07-21,-0.005673978443515349,21221.44777528042
2023-07-24,0.005678247924709578,21341.94841706974
2023-07-25,0.004109652777528605,21429.656414659825
2023-07-26,0.002923015900212855,21492.295641095974
2023-07-27,-0.002559309709708613,21437.290200177784
2023-07-28,0.019044383662220957,21845.550179428337
2023-07-31,0.000425847419533987,21854.853050600548
2023-08-01,-0.0008135784477714574,21837.07241317937
2023-08-02,-0.02314452146687738,21331.66382193878
2023-08-03,0.003744604582199318,21411.54246803235
2023-08-04,0.0004880514769263649,21421.99240295714
2023-08-07,0.009069361277970844,21616.276191353507
2023-08-08,-0.008400793744936885,21434.682313536356
2023-08-09,-0.0160152720668297,21091.40004461901
2023-08-10,0.0028032149958566958,21150.523773507703
2023-08-11,-0.006837685512367231,21005.90314352261
2023-08-14,0.014530932565999976,21311.138505589064
2023-08-15,-0.013675374597482417,21019.7007034263
2023-08-16,-0.010858706141320942,20791.45395030928
2023-08-17,-0.01097870390440019,20563.190733646865
2023-08-18,-0.0043049069177715895,20474.668111606134
2023-08-21,0.023583040838820575,20957.52304584344
2023-08-22,-0.001959081299179411,20916.465554367205
2023-08-23,0.016355696542501044,21258.568917716115
2023-08-24,-0.01687235848061085,20899.886722151634
2023-08-25,0.006697165679335671,21039.856726209233
2023-08-28,0.007422155593344393,21196.017816492833
2023-08-29,0.024660975720046305,21718.732297227034
2023-08-30,0.00353869499195838,21795.588266438917
2023-08-31,0.0013404243725977931,21824.80360416636
2023-09-01,-0.003752726652191829,21742.901082002154
2023-09-05,-0.00757733006736403,21578.147943881777
2023-09-06,-0.010090241852004177,21360.419212409684
2023-09-07,0.003295193734276802,21430.805931959945
2023-09-08,-0.0002505241953048022,21425.436996549106
2023-09-11,0.00539965507999467,21541.126966268628
2023-09-12,-0.003119342294765892,21473.932817845824
2023-09-13,0.005835732482329271,21599.248945114283
2023-09-14,0.002113774399655755,21644.904884586256
2023-09-15,-0.012394574195929176,21376.625505030424
2023-09-18,0.0012854647266902558,21404.104403092806
2023-09-19,-0.004509471702676838,21307.58319996592
2023-09-20,-0.011534966775135623,21061.800935695872
2023-09-21,-0.019706055048258574,20646.755927041584
2023-09-22,-0.002658244925577558,20591.87179286889
2023-09-25,0.00400492953092203,20674.34078830911
2023-09-26,-0.01580856948938183,20347.509035309966
2023-09-27,-0.00028332664053509727,20341.744043931732
2023-09-28,0.005699295020587925,20457.677644471387
2023-09-29,-0.0006977798295264128,20443.40268965212
2023-10-02,0.007696098587609202,20600.737132217873
2023-10-03,-0.013214304203463745,20328.512724937154
2023-10-04,0.006205844107179903,20454.66830583894
2023-10-05,0.0019798090567935355,20495.164643404547
2023-10-06,0.00890145674008408,20677.60146485871
2023-10-09,-0.0003749095164638283,20669.84923529189
2023-10-10,0.006899710445423845,20812.465209965972
2023-10-11,0.00245608260632032,20863.582343762813
2023-10-12,-0.0021329813451990034,20819.08071182954
2023-10-13,-0.006376245965978744,20686.333132425352
2023-10-16,0.013335833700651426,20962.202630955657
2023-10-17,-0.007456726721653784,20805.893214452688
2023-10-18,-0.018132592378496515,20428.62843372449
2023-10-19,-0.00621804405647275,20301.60232211028
2023-10-20,-0.01000416376555573,20098.501767776703
2023-10-23,0.0024291599837470207,20147.324244004256
2023-10-24,0.0063147802443439425,20274.550169116683
2023-10-25,-0.018326756970918855,19902.98341547258
2023-10-26,-0.01721637095817148,19560.326269817466
2023-10-27,-0.005404406307707588,19454.61431914405
2023-10-30,0.018311035633043062,19810.848455169005
2023-10-31,0.00475070926139558,19904.96403640108
2023-11-01,0.01089491775601604,20121.82698251413
2023-11-02,0.01969472637994718,20518.12085919938
2023-11-03,0.014786849373989906,20821.519221781688
2023-11-06,0.0013988907824380226,20850.64625309739
2023-11-07,0.01643358556048149,21193.297132289004
2023-11-08,0.0019630333640868304,21234.90028165469
2023-11-09,0.005965495143063927,21361.576976148346
2023-11-10,0.010605350135646941,21588.123979429973
2023-11-13,-0.004615243017383475,21488.4895409755
2023-11-14,0.01764348681791228,21867.621422928547
2023-11-15,0.005150887752155442,21980.25908628468
2023-11-16,0.0075195229437607924,22145.540148793807
2023-11-17,-0.0064806112160450844,22002.023512920154
2023-11-20,0.012928015711930252,22286.466018589443
2023-11-21,-0.005420745351144717,22165.65676152573
2023-11-22,0.011981247438644394,22431.228979825635
2023-11-24,-0.0006613619889505038,22416.393817612934
2023-11-27,-0.0027721062846818743,22354.253191431228
2023-11-28,0.001884499465435319,22396.379769620682
2023-11-29,-0.004941422445188803,22285.709795936105
2023-11-30,-0.004845881328999524,22177.71589093248
2023-12-01,0.0030087010592504846,22244.442008225284
2023-12-04,-0.011918365683615408,21979.324613943278
2023-12-05,0.004231104300779555,22072.321428845564
2023-12-06,-0.007299217628689871,21911.210751166025
2023-12-07,0.015307146899818524,22246.60887288701
2023-12-08,0.0043264128104067105,22342.856886502774
2023-12-11,-0.006474280487251062,22198.20296413305
2023-12-12,0.010463423763084378,22430.472168525725
2023-12-13,0.007852174688986135,22606.60015434943
2023-12-14,-0.007183410210919717,22444.207671966502
2023-12-15,0.004915317153267839,22554.528070928023
2023-12-18,0.013810923904059812,22866.026941807595
2023-12-19,0.004072527055102771,22959.149455170813
2023-12-20,-0.010142642115527711,22726.2830189701
2023-12-21,0.009259242896396324,22936.711193574993
2023-12-22,6.389340906016734e-05,22938.176698245778
2023-12-26,0.00230572814452803,22991.06589784308
2023-12-27,0.0009176945371327628,23012.16467342039
2023-12-28,0.002156839582698633,23061.798221071604
2023-12-29,-0.002416832268422508,23006.061722963066
2024-01-02,-0.011251969683138997,22747.19821392786
2024-01-03,-0.005145936935284146,22630.14256646458
2024-01-04,-0.002682508880878964,22569.43700805448
2024-01-05,0.002829470071562168,22633.296554600776
2024-01-08,0.020171013736419777,23089.833090304088
2024-01-09,0.00453149721458439,23194.464604638022
2024-01-10,0.013300885935178156,23502.97153267184
2024-01-11,0.0010157447618133972,23526.8445528932
2024-01-12,0.0022525977076424454,23579.841069001108
2024-01-16,-0.0015804738629234486,23542.573746499664
2024-01-17,-0.002849432723399858,23475.490766473333
2024-01-18,0.011933791628990444,23755.642381668717
2024-01-19,0.015890317671441914,24133.127085602606
2024-01-22,0.0007559203060191644,24151.369806414357
2024-01-23,0.007328965930419863,24328.37437289854
2024-01-24,0.005973296513284178,24473.694966714047
2024-01-25,0.007799500209430155,24664.577555732463
2024-01-26,-0.0021256731580363126,24612.148725267936
2024-01-29,0.010258553832852235,24864.633777908264
2024-01-30,0.0005408014368321727,24878.08060758166
2024-01-31,-0.020788645956422734,24360.8989977553
2024-02-01,0.014832325676222977,24722.227785455583
2024-02-02,0.03462094292675449,25578.134622638067
2024-02-05,-0.0017797258277222562,25532.6125558252
2024-02-06,0.0004668387568749989,25544.53216893053
2024-02-07,0.011441029237568724,25836.787908335275
2024-02-08,-0.004261111469205436,25726.694475051638
2024-02-09,0.009297549780214133,25965.889697613795
2024-02-12,-0.0024924278916317656,25901.171589900427
2024-02-13,-0.009587088749620765,25652.854759148897
2024-02-14,0.010023544720421463,25909.987296033705
2024-02-15,0.004022193893827919,26014.20228872497
2024-02-16,-0.006429358347515192,25846.947660086007
2024-02-20,-0.008866334686547328,25617.779971506014
2024-02-21,0.002795317163505229,25689.389791551268
2024-02-22,0.03492178432296582,26586.509121240422
2024-02-23,0.0017528135372308798,26633.110314335845
2024-02-26,-0.0064639106044114035,26460.956270146547
2024-02-27,0.00016304761080309076,26465.270665845957
2024-02-28,-0.0008369610198148976,26443.120265919795
2024-02-29,0.0063956719896269484,26612.241789522875
2024-03-01,0.007374441436017432,26808.49220808085
2024-03-04,0.0002477104144978258,26815.13295079777
2024-03-05,-0.006403008756300866,26643.435419712445
2024-03-06,0.006195933868780924,26808.516383610116
2024-03-07,0.00910791613799681,27052.686102616153
2024-03-08,-0.008000432772783683,26836.252906128953
2024-03-11,-0.007105691583705036,26645.562769715692
2024-03-12,0.019444739870901496,27163.678806486594
2024-03-13,0.0029338595204167926,27243.373224162544
2024-03-14,-0.002535318172919554,27174.302604935696
2024-03-15,-0.008526225115020825,26942.608383582316
2024-03-18,0.006166557182795573,27108.751518833345
2024-03-19,0.007739043138460067,27318.547316267388
2024-03-20,0.010242332806240675,27598.352969663632
2024-03-21,0.006748931643933642,27784.612367341044
2024-03-22,-0.002698988807496594,27709.62200954096
2024-03-25,-0.007033789481353725,27514.71836171796
2024-03-26,-0.005124689385739701,27373.71397657805
2024-03-27,0.0031754432797127417,27460.637652665748
2024-03-28,-0.0008210179110466733,27438.09197730415
2024-04-01,-0.005091146302228233,27298.400636793696
2024-04-02,-0.0018469175655408843,27247.98274114643
2024-04-03,-0.0049836974526266346,27112.187038970165
2024-04-04,-0.010184057902036626,26836.074956314445
2024-04-05,0.014343004405993075,27220.984897652426
2024-04-08,-0.000836861467896344,27198.204704273394
2024-04-09,-0.003593586683967609,27100.465598020288
2024-04-10,-0.0043184962883174305,26983.432337923565
2024-04-11,0.005015022373320854,27118.754854807237
2024-04-12,-0.017255748312712194,26650.800446478544
2024-04-15,-0.012222266468671007,26325.06726181831
2024-04-16,-0.0022195574057551903,26266.63726382034
2024-04-17,-0.006317449074197757,26100.69912055573
2024-04-18,-0.00014917627619156484,26096.80551545493
2024-04-19,-0.01312317619340486,25754.332538590596
2024-04-22,0.012187514704339208,26068.213845105107
2024-04-23,0.014764951357654146,26453.109754509012
2024-04-24,-0.006155598454313251,26290.275032992377
2024-04-25,-0.012330214334870138,25966.1103069129
2024-04-26,0.011453785670840232,26263.520569073677
2024-04-29,-0.003667794449484141,26167.19137410651
2024-04-30,-0.013223824497914071,25821.161027771996
2024-05-01,0.003499405475079698,25911.519740045493
2024-05-02,0.00793920466871119,26117.236598539068
2024-05-03,0.0020161888813671697,26169.893880581076
2024-05-06,0.008969500979593505,26404.62476937881
2024-05-07,-0.004616171583630382,26282.73649084198
2024-05-08,-0.0009258010634290132,26258.403905448933
2024-05-09,0.009546687766863713,26509.08468879045
2024-05-10,-0.0001106774303596894,26506.150731415913
2024-05-13,-0.0017736968583697494,26459.136855136127
2024-05-14,0.001829784638637267,26507.551377305255
2024-05-15,0.0024731355181691894,26573.108144116166
2024-05-16,0.002048023200317088,26627.530486099848
2024-05-17,0.005652488558853758,26778.042297523058
2024-05-20,-0.01011974432632618,26507.055355912573
2024-05-21,0.0037856818731272107,26607.402634883434
2024-05-22,-0.004278171799459538,26493.571595274007
2024-05-23,-0.012086685596546576,26173.35212507233
2024-05-24,0.003929819033568396,26276.20866242573
2024-05-28,-0.0027109250976103203,26204.97582889272
2024-05-29,-0.008837409197161557,25973.391734491066
2024-05-30,-0.003041978812581933,25894.38122714385
2024-05-31,0.015135263057437323,26286.299498726243
2024-06-03,-0.004841062025823338,26159.04589242354
2024-06-04,-0.0010850062195398857,26130.66316493303
2024-06-05,2.5029845904433936e-06,26130.72856958027
2024-06-06,0.004127336133242997,26238.578869793466
2024-06-07,-0.00034413793311167197,26229.549179493428
2024-06-10,0.0011123556075218262,26258.725765606006
2024-06-11,-0.007421790068777079,26063.839015500093
2024-06-12,-0.004644997098827276,25942.772558888795
2024-06-13,-0.0063658524876489195,25777.624695658284
2024-06-14,9.595629643123331e-05,25780.098221054875
2024-06-17,0.003923794021317483,25881.254016323626
2024-06-18,0.0021784740600844107,25937.63565684064
2024-06-20,0.010469506864589695,26209.189911401158
2024-06-21,0.000992860024297758,26235.211968333413
2024-06-24,0.00893979648323531,26469.749424024856
2024-06-25,0.000656271608730916,26487.12076906206
2024-06-26,-0.0005217136320258742,26473.302077083725
2024-06-27,0.004038580767539823,26580.216645705506
2024-06-28,-0.010230590320278543,26308.285338579048
2024-07-01,0.006029649640123066,26466.915081803065
2024-07-02,0.016680151756750042,26908.387241900557
2024-07-03,0.010712781489427569,27196.650914655944
2024-07-05,0.013272017306475982,27557.605336273442
2024-07-08,0.002158326992619708,27617.08365972268
2024-07-09,0.00520385667246428,27760.799004799333
2024-07-10,0.011530016042428292,28080.881462675297
2024-07-11,-0.026361341352569283,27340.631760956676
2024-07-12,0.003356287656703805,27432.394785862456
2024-07-15,0.0031687822287303157,27519.32207095141
2024-07-16,0.002719342918883471,27594.156544557525
2024-07-17,-0.019756258724980883,27048.999248565622
2024-07-18,-0.006235888764647578,26880.32469805653
2024-07-19,-0.007996558006811028,26665.37462236661
2024-07-22,0.01562753136366939,27082.088600601634
2024-07-23,-0.0014077301447197655,27043.964328096597
2024-07-24,-0.04182964751150107,25912.724832938708
2024-07-25,-0.0077913532326031164,25710.829640546035
2024-07-26,0.01116065543087622,25997.77935100613
2024-07-29,0.007099056318243679,26182.339050768194
2024-07-30,-0.014896784611658897,25792.306385299475
2024-07-31,0.023159880299833045,26389.653113839628
2024-08-01,-0.014195584224323154,26015.03657041145
2024-08-02,-0.018947212033507806,25522.124156452403
2024-08-05,-0.03381915496003969,24658.98748469597
2024-08-06,0.007293447743070047,24838.83652131261
2024-08-07,-0.009782351205702056,24595.854298920116
2024-08-08,0.021248930074293248,25118.48988703537
2024-08-09,0.005269368468934244,25250.84846563336
2024-08-12,-0.00046817790557539556,25239.02657628472
2024-08-13,0.01990085697283307,25741.304834312894
2024-08-14,0.0007359429499395497,25760.248966127954
2024-08-15,0.019629625640155326,26265.913009730248
2024-08-16,0.004906395227946391,26394.783959978842
2024-08-19,0.01243360763733946,26722.96634740956
2024-08-20,0.001122546469111707,26752.964118927037
2024-08-21,0.0032040141854370544,26838.68099546657
2024-08-22,-0.015515886362599108,26422.255071018863
2024-08-23,0.01618632193711277,26849.934197902883
2024-08-26,-0.005672305526798029,26697.633167757955
2024-08-27,-0.002899686992762829,26620.218388123852
2024-08-28,-0.006804249760639758,26439.08777352828
2024-08-29,-0.0036745474824751772,26341.93609011112
2024-08-30,0.014073033880307175,26712.64704918014
2024-09-03,-0.02117702950896423,26146.952534357104
2024-09-04,-0.0002520748966413083,26140.36154399952
2024-09-05,0.006340498416875275,26306.104464985798
2024-09-06,-0.025718693125192964,25629.54583693156
2024-09-09,0.013407336140506564,25973.16977309582
2024-09-10,0.007888516321484018,26178.05954677156
2024-09-11,0.01376266522245543,26538.33941648728
2024-09-12,0.007708934693890902,26742.921741933293
2024-09-13,0.003680245463114873,26841.342258344477
2024-09-16,-0.0015848140996334806,26798.803720680367
2024-09-17,0.002706948344788329,26871.346698054367
2024-09-18,-0.003632378104945744,26773.73980665795
2024-09-19,0.021068245835165235,27337.815538831368
2024-09-20,-0.0018491683195924866,27287.2633164101
2024-09-23,0.003993360841275751,27396.23120520343
2024-09-24,0.007098661984264188,27590.707790171917
2024-09-25,-0.0012168159513656468,27557.134976823363
2024-09-26,0.0005092378727272307,27571.168113617416
2024-09-27,2.2102519780531306e-05,27571.777505906022
2024-09-30,0.005385923262447224,27720.276983762098
2024-10-01,-0.011137165734961853,27411.551664774892
2024-10-02,-0.005909591477191611,27249.560592680144
2024-10-03,-0.005321281389331101,27104.558013030863
2024-10-04,0.00835612751108533,27331.047155919354
2024-10-07,-0.01681840031234777,26871.382663895452
2024-10-08,0.010897564866704904,27164.2152995333
2024-10-09,0.005010533871247214,27300.322520377464
2024-10-10,-0.0038194533192925984,27196.05021290925
2024-10-11,-0.003790281547161689,27092.96952563158
2024-10-14,0.006021002463767388,27256.096361896183
2024-10-15,0.0023884810839284844,27321.197032478307
2024-10-16,0.001695868478603247,27367.530189323395
2024-10-17,0.0007482685823691161,27388.008452341106
2024-10-18,0.003022306756002391,27470.783415320067
2024-10-21,-0.00627494873613047,27298.405657647592
2024-10-22,0.0011955606265220849,27331.042556618708
2024-10-23,-0.009972591303790268,27058.481239295048
2024-10-24,0.022165208094627162,27658.23810668859
2024-10-25,0.0016239596171834796,27703.153968456292
2024-10-28,0.0022966983857461323,27766.779757455726
2024-10-29,-0.0011825630128046824,27733.943790729863
2024-10-30,0.0020697621861006875,27791.346458859363
2024-10-31,-0.02183544450773747,27184.510055461637
2024-11-01,0.007257020243389502,27381.788595240745
2024-11-04,-0.006583930625556868,27201.508798726016
2024-11-05,0.013728604283278788,27574.94754893185
2024-11-06,0.0427308150280326,28753.24753205296
2024-11-07,0.011937230338518736,29096.481670823523
2024-11-08,0.00848881567135188,29343.476340412013
2024-11-11,0.009157790403637468,29612.197746451602
2024-11-12,-0.003568980179908332,29506.51239961099
2024-11-13,0.000653761237593509,29525.802613674427
2024-11-14,-0.009094109756625512,29257.29172405321
2024-11-15,-0.008789359425612134,29000.138871270523
2024-11-18,0.008113163988470305,29235.421753621555
2024-11-19,0.009216211506987128,29504.861583998903
2024-11-20,-0.008235405435273225,29261.877086543056
2024-11-21,-0.002184840031891001,29197.944566076105
2024-11-22,0.003127792377505767,29289.269674528714
2024-11-25,0.003104996713332521,29380.212760604034
2024-11-26,0.007036271788192395,29586.939922782563
2024-11-27,-0.0029287598094602687,29500.2868822518
2024-11-29,0.009288728986161076,29774.307052115044
2024-12-02,0.009072882847772147,30044.44585187248
2024-12-03,0.003439976538676093,30147.798040720445
2024-12-04,0.006616555219100972,30347.272611191172
2024-12-05,0.0034710014675322426,30452.60803896022
2024-12-06,0.01327232440730246,30856.78493190173
2024-12-09,-0.006250384264740405,30663.918168902892
2024-12-10,0.00723554036460905,30885.78818655106
2024-12-11,0.02002351791366994,31504.230319582275
2024-12-12,-0.007721924740714571,31260.957024040326
2024-12-13,-0.0017931412924727438,31204.9017111583
2024-12-16,0.011313788014445627,31557.947354129956
2024-12-17,0.0010659433327625087,31591.58633770776
2024-12-18,-0.0350360132227661,30484.743101051674
2024-12-19,0.003392638131922244,30588.166802938158
2024-12-20,0.007796107870662504,30826.63545089968
2024-12-23,0.010817254045605518,31160.09499794333
2024-12-24,0.017690992181432573,31711.347994924643
2024-12-26,-0.003256116969603307,31608.092136589374
2024-12-27,-0.014676132711550214,31144.20758163388
2024-12-30,-0.011530513487405471,30785.09887605929
2024-12-31,-0.008655281512630886,30518.645178892824
2025-01-02,-0.004245851867074512,30389.067532279434
2025-01-03,0.01793160879866385,30933.992403024447
2025-01-06,0.00981773175425904,31237.69404252563
2025-01-07,-0.017384814798856275,30694.632516852987
2025-01-08,0.0004214557941482511,30707.568947576463
2025-01-10,-0.011375793686133808,30358.245978626102
2025-01-13,-0.0013954845164187548,30315.881516417296
2025-01-14,-0.0028652192832166576,30229.019868108746
2025-01-15,0.0332325931394861,31233.608586391045
2025-01-16,-0.01084342317657493,30894.929351157305
2025-01-17,0.014132881161415268,31331.56371616753
2025-01-21,0.007862470699341729,31577.907217850458
2025-01-22,0.003768662078803718,31696.913679310357
2025-01-23,0.006425042368042588,31900.567692636112
2025-01-24,-0.00222679338313897,31829.531719579772
2025-01-27,-0.011298933832335609,31469.891946766013
2025-01-28,0.016980439133752454,32004.264531513836
2025-01-29,-0.006794252229824715,31786.8194858567
2025-01-30,0.012375328658403852,32180.191823999532
2025-01-31,-0.0032714142715841495,32074.917085204183
2025-02-03,-0.009926476269678096,31756.526181906014
2025-02-04,0.011547792646450008,32123.243961426226
2025-02-05,-0.004119304245350508,31990.918546201494
2025-02-06,0.00673367424154322,32206.334970379354
2025-02-07,-0.014512093715955666,31738.95361904175
2025-02-10,0.004042479964923929,31867.257703154377
2025-02-11,-0.003263729748958533,31763.251586170863
2025-02-12,-0.0006229315141195295,31743.465255766932
2025-02-13,0.016447031910696942,32265.551041784627
2025-02-14,0.0023668223441095874,32341.917868935332
2025-02-18,-0.0033645148641555213,32233.10300553
2025-02-19,-0.0017320579925215298,32177.273401845505
2025-02-20,-0.010901840584576761,31826.481896772242
2025-02-21,-0.020868074327782527,31162.324506958572
2025-02-24,-0.010075059131852781,30848.36224486498
2025-02-25,-0.012028848905952681,30477.291956425404
2025-02-26,-0.00241455837226956,30403.702755967915
2025-02-27,-0.018018846439636173,29855.863104811786
2025-02-28,0.02183793305630173,30507.853444632772
2025-03-03,-0.024172191311512707,29770.41177466552
2025-03-04,-0.016309163021369543,29284.8812758192
2025-03-05,0.012128332525798957,29640.058053910878
2025-03-06,-0.027044050032577927,28838.470840932398
2025-03-07,-0.00023441014648873976,28831.710810758064
2025-03-10,-0.04421306384540313,27556.972539909817
2025-03-11,-0.0041201557617589705,27443.433520722876
2025-03-12,0.016118954294720916,27885.79297133362
2025-03-13,-0.023857518301746417,27220.507155161315
2025-03-14,0.024564753324567024,27889.172198797463
2025-03-17,-0.005497316977809685,27735.85657897196
2025-03-18,-0.017915272385590205,27238.961153512013
2025-03-19,0.016898158899646742,27699.24944734536
2025-03-20,0.0003623310690037629,27709.285746008216
2025-03-21,0.008250814448419574,27937.90992119677
2025-03-24,0.03603682336237808,28944.703446140968
2025-03-25,0.009371399369565733,29215.9558217684
2025-03-26,-0.019348043043913056,28650.684250959766
2025-03-27,-0.0013717302089427566,28611.383241865842
2025-03-28,-0.029631577062411388,27763.58283447231
2025-03-31,0.004904088208709212,27899.737893682362
2025-04-01,0.007911874087697513,28120.47710697694
2025-04-02,-0.003976518419780672,28008.65551178803
2025-04-03,-0.000575558210083317,27992.53490015482
2025-04-04,-0.06231847000044087,26248.08295374323
2025-04-07,-0.014008313953384989,25880.391567052702
2025-04-08,-0.023868138284742678,25262.674802267
2025-04-09,0.04702577777587651,26450.671733542644
2025-04-10,-0.028894492084287918,25686.393008513696
2025-04-11,0.011837171680580016,25990.447252410326
2025-04-14,0.01329102259280457,26335.88687403921
2025-04-15,-0.009963144232383824,26073.49863462541
2025-04-16,-0.011117920757595668,25783.615542932366
2025-04-17,0.01506922597803534,26172.154672079603
2025-04-21,-0.01129964999281783,25876.41848472721
2025-04-22,0.020535370731525653,26407.800331515187
2025-04-23,0.0011962864540260082,26439.391625332402
2025-04-24,-0.00012444202759663743,26436.101453830124
2025-04-25,-0.001608585278925546,26393.576730199307
2025-04-28,0.008409911749920273,26615.544381265037
2025-04-29,0.0018628633001716358,26665.125502106985
2025-04-30,-0.0013179917409151813,26629.98108692474
2025-05-01,-0.0113779790987828,26326.985718716733
2025-05-02,0.00843973282759583,26549.17844433863
2025-05-05,-0.00019272351067647908,26544.06179346326
2025-05-06,-0.0002458828693067405,26537.53506338643
2025-05-07,0.008031880264655011,26750.68136753464
2025-05-08,-0.013810767433254795,26381.233928486512
2025-05-09,-0.004273145793640215,26268.503069693958
2025-05-12,-0.01146068963400218,25967.447908862363
2025-05-13,-0.0004809851649045238,25954.957951647768
2025-05-14,0.004994362897042526,26084.586430635776
2025-05-15,0.019154095163694873,26584.213081433798
2025-05-16,0.012424389880364317,26914.50570942021
2025-05-19,0.001530500255395445,26955.698367282315
2025-05-20,-0.002682629173756723,26883.386224443257
2025-05-21,-0.00502340079957711,26748.34020058805
2025-05-22,-0.006843210630443491,26565.295674580666
2025-05-23,0.0029462916099928516,26643.564782343667
2025-05-27,0.00907602072592012,26885.382328520616
2025-05-28,-0.005363316742132529,26741.187507359427
2025-05-29,-0.004848934455739556,26611.5212418676
2025-05-30,0.012619392921689843,26947.342484662622
2025-06-02,0.005226148656776064,27088.17330239253
2025-06-03,-0.0028356087340413727,27011.361841587044
2025-06-04,0.0029645902697127413,27091.439462074297
2025-06-05,-0.004997112659649833,26956.06048697023
2025-06-06,-0.0028192826028251294,26880.063734598614
2025-06-09,-0.004103590359352677,26769.758964198525
2025-06-10,-0.006136226172101189,26605.493668621573
2025-06-11,-0.00042136124833117017,26594.283144596895
2025-06-12,-0.0017424120820026534,26547.94494433355
2025-06-13,-0.0051261364520405195,26411.856556027637
2025-06-16,-0.004088373881227847,26303.87501152924
2025-06-17,-0.0076096412861117735,26103.711958256783
2025-06-18,-0.0012044850796318896,26072.27042668005
2025-06-20,0.0013636947527044807,26107.825045052006
2025-06-23,0.014104411756577284,26476.060559556106
2025-06-24,0.008800277601052786,26709.057242262483
2025-06-25,-0.009785078240448858,26447.707027418317
2025-06-26,0.002467778931116854,26512.974121596933
2025-06-27,0.014678204800214145,26902.13698561651
2025-06-30,0.006360480777848454,27073.247510796573
2025-07-01,0.00047922208444811654,27086.221608901476
2025-07-02,0.007329315775566648,27284.745080240093
2025-07-03,0.010491961667377736,27571.015579726147
2025-07-07,-0.01247351732974432,27227.108039093782
2025-07-08,-0.004555855706729528,27103.065263556135
2025-07-09,0.008930513784471085,27345.10956149374
2025-07-10,0.00663018862701833,27526.41279591293
2025-07-11,-0.002171566399886804,27466.637362775913
2025-07-14,0.0038848874839915062,27573.34215849389
2025-07-15,-0.0015301995384092828,27531.149443050563
2025-07-16,0.00964694573882231,27796.740947855084
2025-07-17,0.0022057760987783115,27858.054334661796
2025-07-18,0.004928919838705426,27995.364451339647
2025-07-21,0.0056135707279516,28152.518409742028
2025-07-22,-0.00033232395666887805,28143.162653433912
2025-07-23,0.007620485312367654,28357.627211077972
2025-07-24,-0.00247621926208903,28287.407508350763
2025-07-25,0.0054889048040069775,28442.67439531625
2025-07-28,0.0038412689116637767,28551.930356235556
2025-07-29,-0.004938862581577153,28410.916295767347
2025-07-30,0.00047056457880851905,28424.28546662763
2025-07-31,0.007518640486562436,28637.997450138624
2025-08-01,-0.022345147256289066,27998.077179990043
2025-08-04,0.017514397760419465,28488.44664024731
2025-08-05,-0.00354256669692069,28387.52441793257
2025-08-06,0.012294402890434365,28736.532080188674
2025-08-07,0.003513251444839916,28837.49074303909
2025-08-08,0.011825614225133807,29178.511783787133
2025-08-11,-0.002271249807603326,29112.240094512057
2025-08-12,0.011618819433596262,29450.489955477693
2025-08-13,0.0032386106363960004,29545.868625494575
2025-08-14,0.0032208855399243346,29641.032486514934
2025-08-15,-0.00011067113733693752,29637.75207973781
2025-08-18,-0.0038992672438246338,29522.186563872692
2025-08-19,-0.004089432349113932,29401.457579121812
2025-08-20,-0.007515350185245696,29180.495329458066
2025-08-21,-0.005007286358607643,29034.380233257452
2025-08-22,0.01806101791257366,29558.770694730792
2025-08-25,-0.002100421978082112,29496.68480311849
2025-08-26,0.0011448868497963116,29530.455169662164
2025-08-27,0.001824417225237474,29584.331040742803
2025-08-28,0.0034690203168556413,29686.959686183724
2025-08-29,-0.004192928471063463,29562.48438769621
2025-09-02,-0.0052061278887967745,29408.578313263304
2025-09-03,0.01260587238132448,29779.299098396485
2025-09-04,0.010487672266645641,30091.614627670882
2025-09-05,-0.005939127296857994,29912.896697829154
2025-09-08,-0.0017930599196365083,29859.261081680048
2025-09-09,0.006116397302409782,30041.89218561199
2025-09-10,-0.004862703838224847,29895.807361173476
2025-09-11,0.008443490181696125,30148.232317101425
2025-09-12,0.0034558397481019624,30252.419776677874
2025-09-15,0.0075564860147399274,30481.021763632383
2025-09-16,-0.0005728804807111801,30463.559781231867
2025-09-17,-0.003139291443020598,30367.925788686694
2025-09-18,0.002659489908167335,30448.688980853683
2025-09-19,0.008211100928631532,30698.70623921998
2025-09-22,0.00014107062869758225,30703.03692500935
2025-09-23,-0.0073315174955681855,30477.93707262657
2025-09-24,-0.0026045386611490366,30398.556107208842
2025-09-25,-0.0029744798749988368,30308.136213838927
2025-09-26,0.003935817931818797,30427.423519829357
2025-09-29,0.0022463662427802847,30495.77465687908
2025-09-30,0.002364553494442423,30567.883547409725
2025-10-01,-0.001331959985739539,30527.168349675834
2025-10-02,-0.0036435096506590606,30415.942317186495
2025-10-03,-0.0018449672620493907,30359.825899366904
2025-10-06,0.0053564295787014255,30522.446168818497
2025-10-07,-0.005503749050978557,30354.458284683315
2025-10-08,0.00031796016213377824,30364.109793160995
2025-10-09,-0.0026068324239336025,30284.955647228304
2025-10-10,-0.023470969176667782,29574.138386715455
2025-10-13,0.015039677589034385,30018.92389302514
2025-10-14,-0.0006615776501044169,29999.06404389733
2025-10-15,0.00460685236699938,30137.265303095723
2025-10-16,-0.006226443865943998,29949.61731241294
2025-10-17,0.009793478892070752,30242.92825738765
2025-10-20,0.013251721728160937,30643.69912689929
2025-10-21,-0.0019357461378542444,30584.380704664825
2025-10-22,-0.004470536603795072,30447.65211122022
2025-10-23,0.004109036683477385,30572.76263067098
2025-10-24,0.0047805309209625335,30718.91666776615
2025-10-27,0.0132039062412463,31124.52636327999
2025-10-28,-0.00032939288324870266,31114.27416580144
2025-10-29,-0.0022374920816774727,31044.656223728314
2025-10-30,-0.012676516121234107,30651.11813863005
2025-10-31,0.010804353204043883,30982.283645098683
2025-11-03,8.666520887329354e-05,30984.968731182158
2025-11-04,-0.007868569316246445,30741.161356959125
2025-11-05,0.005291008987864221,30903.813117996175
2025-11-06,-0.008984329228162913,30626.163086538476
2025-11-07,-0.0042895758918500065,30494.789835702595
2025-11-10,0.012231715811314048,30867.79343869866
2025-11-11,0.007426752848281349,31097.040911539676
2025-11-12,-0.007991675298293222,30848.523457836913
2025-11-13,-0.017075469772139234,30321.770428017488
2025-11-14,-0.00674006818821451,30117.399627745264
2025-11-17,-0.002849009758551669,30031.59486230362
2025-11-18,-0.014344598978521875,29600.803677318432
2025-11-19,0.0054146952558302595,29761.08300855877
2025-11-20,-0.008487347554551716,29508.49035346527
2025-11-21,0.014741971975245948,29943.503691287868
2025-11-24,0.01646869065341686,30436.63399065913
2025-11-25,0.017122124287041608,30957.773820726394
2025-11-26,0.002981919461876181,31050.087408978776
2025-11-28,0.008251599848931056,31306.300305552
2025-12-01,-0.004599728407032112,31162.299826717473
2025-12-02,-0.0009606645546094249,31132.363309833836
2025-12-03,0.004720114390117103,31279.31162589094
2025-12-04,-0.002470186516325446,31202.04589207272
2025-12-05,-0.000871909622566369,31174.84052801567
2025-12-08,-0.0036603499181956933,31060.729703039182
2025-12-09,-0.009195141362826764,30775.121902587187
2025-12-10,0.012809617198590329,31169.33943339928
2025-12-11,-4.991453272261686e-05,31167.783630386188
2025-12-12,-0.0002508902873706756,31159.963936194454
2025-12-15,0.0030034056555296785,31253.549948106524
2025-12-16,-0.010378745061952322,30929.177320914132
2025-12-17,-0.009346138689275465,30640.108940127677
2025-12-18,0.005379560772163028,30804.939268236783
2025-12-19,0.009136558872453238,31086.390409423377
2025-12-22,0.009135226755773917,31370.371634831972
2025-12-23,0.005426981786939033,31540.618070343713
2025-12-24,0.004990942732882408,31698.035488892518
2025-12-26,0.000354026392269924,31709.25743003869
2025-12-29,-0.0041140045665024275,31578.80540017111
2025-12-30,-0.00155404922565372,31529.730382091908
2025-12-31,-0.004208513976322814,31397.037071109182
2026-01-02,0.003820015226364237,31516.974230783544
2026-01-05,0.003594070551099526,31630.248459726165
2026-01-06,0.004087550975552146,31759.53871267468
2026-01-07,-0.0021342033057637827,31691.75740016456
2026-01-08,0.006323038842555628,31892.14561319465
2026-01-09,0.0019843277198127503,31955.430081779217
2026-01-12,-0.0010364109912442518,31922.311122812524
2026-01-13,-0.0033227772581413736,31816.24039338633
2026-01-14,-0.0022732762561455734,31743.913289540225
2026-01-15,0.002157044559017829,31812.38632498336
2026-01-16,-0.0034831443375176073,31701.579191692574
2026-01-20,-0.016696791633748664,31172.2645294681
2026-01-21,0.008397365085533693,31434.02941526488
2026-01-22,0.0034355846371847075,31542.023683808777
2026-01-23,0.0005018525297805999,31557.853128188897
2026-01-26,0.005692841870204612,31737.50699581082
2026-01-27,0.01085379673574456,32081.97944564262
2026-01-28,-0.002465217300634903,32002.890394874612
2026-01-29,0.008296848975477212,32268.41354325963
2026-01-30,0.003667568113251196,32386.760147836092
2026-02-02,0.012557253338955522,32793.44889984046
2026-02-03,-0.00109531895047257,32757.52961380911
2026-02-04,0.004599644352148637,32908.202599887605
2026-02-05,-0.0064969057761628205,32694.401108333263
2026-02-06,0.013589263334771375,33138.69393456705
2026-02-09,-0.00532128264418762,32962.35357768199
2026-02-10,-0.006702875130502661,32741.411037643305
2026-02-11,-0.0017797557070343031,32683.139324492706
2026-02-12,-0.013517044884977172,32241.359863261576
2026-02-13,-0.0045571060404049684,32094.432567477837
2026-02-17,0.006640159032293813,32307.54470377712
2026-02-18,0.006429800481365423,32515.2757702652
2026-02-19,-0.004579777785229489,32366.363032611935
2026-02-20,0.009498731613917368,32673.802428377334
2026-02-23,-0.0047696791979863545,32517.958872615585
2026-02-24,0.004209106435577504,32654.830422578158
2026-02-25,0.0062403597556643375,32858.60831217526
2026-02-26,-0.01006476464368461,32527.8941529942
2026-02-27,-0.0024072678040198852,32449.590800667123
